

   REFRESH(600 sec):
   file://localhost/datadisks/datadisk2/frcrawl_all_200/www.fcsochaux.fr/1
   .html
   #RSS 2.0 Atom 1.0

   [logo.png]

   SITE OFFICIEL

   FC SOCHAUX-MONTBÉLIARD

Open Source Content Management

   Neolia

Recherche

     * Accueil
     * Actualités
     * équipe première
          + calendrier
          + classement
          + effectif
          + staff technique
          + entraînement
     * club
          + SASP
          + anciens présidents
          + logo
          + Partenaires
          + association fcsm
     * histoire
          + palmarès
          + Classement
          + grands noms
          + association des anciens
          + par périodes
          + entraîneurs
          + meilleurs buteurs
          + internationaux
     * stade
          + présentation
          + accès
          + histoire
          + Qui était Auguste Bonal?
     * équipes de jeunes
          + élite
          + formation
          + préformation
          + école de foot
          + entraîneurs et éducateurs
          + calendriers
     * formation
          + structure
          + scolarité
               o Fonctionnement
               o Notes en ligne
          + organisation
          + recrutement
          + historique
          + Internationaux
     * supporters
          + Actualité
          + organisation
          + supporter club
          + autres groupes
          + Dans le monde entier
     * Article
     * Contact

     * Accueil
     * Actualités
     * équipe première
          + calendrier
          + classement
          + effectif
          + staff technique
          + entraînement
     * club
          + SASP
          + anciens présidents
          + logo
          + Partenaires
          + association fcsm
     * histoire
          + palmarès
          + Classement
          + grands noms
          + association des anciens
          + par périodes
          + entraîneurs
          + meilleurs buteurs
          + internationaux
     * stade
          + présentation
          + accès
          + histoire
          + Qui était Auguste Bonal?
     * équipes de jeunes
          + élite
          + formation
          + préformation
          + école de foot
          + entraîneurs et éducateurs
          + calendriers
     * formation
          + structure
          + scolarité
               o Fonctionnement
               o Notes en ligne
          + organisation
          + recrutement
          + historique
          + Internationaux
     * supporters
          + Actualité
          + organisation
          + supporter club
          + autres groupes
          + Dans le monde entier
     * Article
     * Contact

   À LA UNE

   Match
   Le FCSM enchaîne à l'extérieur

   Match
   Le FCSM s'offre l'EA Guingamp avec la manière

   Communiqué
   Sofiane Diop officiellement prêté

   Évènement
   Découvrez le maillot extérieur 2019/2020

   Si vous souhaitez devenir arbitre pour le FCSM…

   Billetterie pour FCSM-Clermont Foot
   Previous Next
   (C) http://TheCoder.vn

   Les derniers articles vidéos
   Le making of du poster 2019/2020 [play.png]

   Le making of du poster 2019/2020
   Les réactions après Rodez AF-FCSM (0-2) [play.png]

   Les réactions après Rodez AF-FCSM (0-2)
   [play.png]

   "Après cette victoire à l'extérieur, le groupe se soude encore plus"

   Jeudi 3 octobre

   Sélection : Maxence Lacroix convoqué avec l'Équipe de France U20

   Programme : Chamois Niortais-FCSM le samedi 2 novembre à 15h

   Présentation : Revivez le point presse avant FCSM-Clermont Foot

   Évènement : Les "Sauts de l'espoir" récoltent 6.000 euros pour
   l'association "Semons l'espoir"

   Récompense : Abdoulaye Sané "Joueur du mois" de septembre 2019

   Stats : Le tableau de bord avant FCSM-Clermont Foot

   Billetterie : Vos billets pour FCSM-Clermont Foot en ligne et à la
   boutique

   Mercredi 2 octobre

   Arbitre : Monsieur Rainville au sifflet de FCSM-Clermont Foot

   Stats : 4 succès en 6 réceptions des Clermontois

   Mardi 1^er octobre
   [making-of-poster1920.jpg] [play.png]

   Vidéo : Le making of du poster 2019/2020
   [diaporama-poster1920.JPG]

   Diaporama : Jour de photo officielle sur la pelouse de Bonal

   Joueurs : Nouvelles rassurantes pour Melvin Sitti et Fabien Ourega
   [training011019.JPG]

   Entraînement : Deux entraînements et jour de photo officielle
   [Sakhi-FCSMCF63.jpg]

   Rétro : Le dernier FCSM-Clermont Foot

   Lundi 30 septembre
   [training300919.JPG]

   Entraînement : Retour sur les terrains pour préparer Clermont

   Jeu : Remportez 5 places "inside" pour FCSM-Clermont Foot sur Twitter

   Centre : Un week-end quatre étoiles pour les jeunes
   [entrainement-ballons.jpg]

   Entraînement : La semaine du 30 septembre au 6 octobre

   Samedi 28 septembre
   [reactions-RAFFCSM.jpg] [play.png]

   Vidéo : Les réactions après Rodez AF-FCSM (0-2)
   [teikeu-raffcsm.jpg] [play.png]

   Vidéo : "Après cette victoire à l'extérieur, le groupe se soude encore
   plus"
   [resume-RAFFCSM.jpg] [play.png]

   Vidéo : Le résumé de Rodez AF-FCSM (0-2)

   Vendredi 27 septembre
   [joie-vestiaire-RAFFCSM.jpg] [play.png]

   Vidéo : La joie du vestiaire après le succès face au RAF
   [Sane-visage.jpg]

   Stats : Sané et Livolant confirment, première pour Daham
   [Paye-RAFFCSM.jpg]

   Match : Le FCSM enchaîne à l'extérieur

   Centre : La réserve débute en Coupe BFC Seniors
   Voir plus d'articles
   > <
   Calendrier Classement Entraînement
   [blanc.png]
   logo

   6

   0
   logo

   FCSM-NORD FRANCHE-COMTÉ

   Match de

   préparation -

   Stade René Blum (Montbéliard)

   samedi 29 juin |  18:00
   TOUT SUR CE MATCH
   > <
   Calendrier Classement Entraînement
   [blanc.png]
   logo

   0

   0
   logo

   FCSM-YVERDON SPORT

   Match de

   préparation -

   Stade des Cantons (Audincourt)

   samedi 06 juillet |  18:00
   TOUT SUR CE MATCH
   > <
   Calendrier Classement Entraînement
   [blanc.png]
   logo

   1

   1
   logo

   ASM BELFORT-FCSM

   Match de

   préparation -

   Stade Serzian (Belfort)

   mardi 09 juillet |  19:00
   TOUT SUR CE MATCH
   > <
   Calendrier Classement Entraînement
   [blanc.png]
   logo

   0

   1
   logo

   FCSM-LYON DUCHÈRE AS

   Match de

   préparation -

   Stade Robert Bobin (Dole)

   vendredi 12 juillet |  18:00
   TOUT SUR CE MATCH
   > <
   Calendrier Classement Entraînement
   [blanc.png]
   logo

   0

   0
   logo

   FC METZ-FCSM

   Match de

   préparation -

   Stade Jean Bouloumié (Vittel)

   vendredi 19 juillet |  18:00
   TOUT SUR CE MATCH
   > <
   Calendrier Classement Entraînement
   [beIN.png]
   logo

   0

   0
   logo

   FCSM-SM CAEN

   1re journée de

   Domino's Ligue 2 -

   Stade Auguste Bonal

   vendredi 26 juillet |  20:00
   TOUT SUR CE MATCH
   > <
   Calendrier Classement Entraînement
   [beIN.png]
   logo

   1

   1
   logo

   PARIS FC-FCSM

   2e journée de

   Domino's Ligue 2 -

   Stade Charléty

   vendredi 02 août |  20:00
   TOUT SUR CE MATCH
   > <
   Calendrier Classement Entraînement
   [beIN.png]
   logo

   1

   0
   logo

   FCSM-AJ AUXERRE

   3e journée de

   Domino's Ligue 2 -

   Stade Auguste Bonal

   vendredi 09 août |  20:00
   TOUT SUR CE MATCH
   > <
   Calendrier Classement Entraînement
   [Foot+.png]
   logo

   2

   1
   logo

   PARIS FC-FCSM

   1er tour de

   Coupe de la Ligue -

   Stade Charléty

   mardi 13 août |  20:00
   TOUT SUR CE MATCH
   > <
   Calendrier Classement Entraînement
   [beIN.png]
   logo

   1

   0
   logo

   FC LORIENT-FCSM

   4e journée de

   Domino's Ligue 2 -

   Stade du Moustoir

   vendredi 16 août |  20:00
   TOUT SUR CE MATCH
   > <
   Calendrier Classement Entraînement
   [beIN.png]
   logo

   3

   0
   logo

   FCSM-AS NANCY LORRAINE

   5e journée de

   Domino's Ligue 2 -

   Stade Auguste Bonal

   vendredi 23 août |  20:00
   TOUT SUR CE MATCH
   > <
   Calendrier Classement Entraînement
   [beIN.png]
   logo

   2

   0
   logo

   LE MANS FC-FCSM

   6e journée de

   Domino's Ligue 2 -

   MMArena

   vendredi 30 août |  20:00
   TOUT SUR CE MATCH
   > <
   Calendrier Classement Entraînement
   [beIN.png]
   logo

   0

   0
   logo

   FCSM-VALENCIENNES FC

   7e journée de

   Domino's Ligue 2 -

   Stade Auguste Bonal

   vendredi 13 septembre |  20:00
   TOUT SUR CE MATCH
   > <
   Calendrier Classement Entraînement
   [beIN.png]
   logo

   3

   1
   logo

   FCSM-EN AVANT GUINGAMP

   8e journée de

   Domino's Ligue 2 -

   Stade Auguste Bonal

   vendredi 20 septembre |  20:00
   TOUT SUR CE MATCH
   > <
   Calendrier Classement Entraînement
   [beIN.png]
   logo

   0

   2
   logo

   RODEZ AVEYRON FOOTBALL-FCSM

   9e journée de

   Domino's Ligue 2 -

   Stadium de Toulouse

   vendredi 27 septembre |  20:00
   TOUT SUR CE MATCH
   > <
   Calendrier Classement Entraînement
   [beIN.png]
   logo - logo

   FCSM-CLERMONT FOOT

   10e journée de

   Domino's Ligue 2 -

   Stade Auguste Bonal

   vendredi 04 octobre |  20:00
   Achetez vos places
   > <
   Calendrier Classement Entraînement
   [beIN.png]
   logo - logo

   FC CHAMBLY OISE-FCSM

   11e journée de

   Domino's Ligue 2 -

   Stade Pierre Brisson

   vendredi 18 octobre |  20:00
   > <
   Calendrier Classement Entraînement
   [beIN.png]
   logo - logo

   FCSM-AC AJACCIO

   12e journée de

   Domino's Ligue 2 -

   Stade Auguste Bonal

   vendredi 25 octobre |  20:00
   Achetez vos places
   > <
   Calendrier Classement Entraînement
   [beIN.png]
   logo - logo

   CHAMOIS NIORTAIS-FCSM

   13e journée de

   Domino's Ligue 2 -

   Stade René Gaillard

   samedi 02 novembre |  15:00
   > <
   Calendrier Classement Entraînement
   [blanc.png]
   logo - logo

   FCSM-HAVRE AC

   14e journée de

   Domino's Ligue 2 -

   Stade Auguste Bonal

   vendredi 08 novembre |  À déterminer
   Achetez vos places
   > <
   Calendrier Classement Entraînement
   [blanc.png]
   logo - logo

   RC LENS-FCSM

   15e journée de

   Domino's Ligue 2 -

   Stade Bollaert-Delelis

   vendredi 22 novembre |  À déterminer
   > <
   Calendrier Classement Entraînement
   [blanc.png]
   logo - logo

   FCSM-ESTAC TROYES

   16e journée de

   Domino's Ligue 2 -

   Stade Auguste Bonal

   vendredi 29 novembre |  À déterminer
   > <
   Calendrier Classement Entraînement
   [blanc.png]
   logo - logo

   LB CHÂTEAUROUX-FCSM

   17e journée de

   Domino's Ligue 2 -

   Stade Gaston Petit

   mardi 03 décembre |  À déterminer
   > <
   Calendrier Classement Entraînement
   [blanc.png]
   logo - logo

   FCSM-GRENOBLE FOOT 38

   18e journée de

   Domino's Ligue 2 -

   Stade Auguste Bonal

   vendredi 13 décembre |  À déterminer
   > <
   Calendrier Classement Entraînement
   [blanc.png]
   logo - logo

   US ORLÉANS-FCSM

   19e journée de

   Domino's Ligue 2 -

   Stade de la Source

   vendredi 20 décembre |  À déterminer
   > <
   Calendrier Classement Entraînement
   [blanc.png]
   logo - logo

   FCSM-PARIS FC

   20e journée de

   Domino's Ligue 2 -

   Stade Auguste Bonal

   vendredi 10 janvier |  À déterminer
   > <
   Calendrier Classement Entraînement
   [blanc.png]
   logo - logo

   AJ AUXERRE-FCSM

   21e journée de

   Domino's Ligue 2 -

   Stade Abbé-Deschamps

   vendredi 24 janvier |  À déterminer
   > <
   Calendrier Classement Entraînement
   [blanc.png]
   logo - logo

   FCSM-FC LORIENT

   22e journée de

   Domino's Ligue 2 -

   Stade Auguste Bonal

   vendredi 31 janvier |  À déterminer
   > <
   Calendrier Classement Entraînement
   [blanc.png]
   logo - logo

   AS NANCY LORRAINE-FCSM

   23e journée de

   Domino's Ligue 2 -

   Stade Marcel Picot

   mardi 04 février |  À déterminer
   > <
   Calendrier Classement Entraînement
   [blanc.png]
   logo - logo

   FCSM-LE MANS FC

   24e journée de

   Domino's Ligue 2 -

   Stade Auguste Bonal

   vendredi 07 février |  À déterminer
   > <
   Calendrier Classement Entraînement
   [blanc.png]
   logo - logo

   VALENCIENNES FC-FCSM

   25e journée de

   Domino's Ligue 2 -

   Stade du Hainaut

   vendredi 14 février |  À déterminer
   > <
   Calendrier Classement Entraînement
   [blanc.png]
   logo - logo

   EN AVANT GUINGAMP-FCSM

   26e journée de

   Domino's Ligue 2 -

   Stade de Roudourou

   vendredi 21 février |  À déterminer
   > <
   Calendrier Classement Entraînement
   [blanc.png]
   logo - logo

   FCSM-RODEZ AVEYRON FOOTBALL

   27e journée de

   Domino's Ligue 2 -

   Stade Auguste Bonal

   vendredi 28 février |  À déterminer
   > <
   Calendrier Classement Entraînement
   [blanc.png]
   logo - logo

   CLERMONT FOOT-FCSM

   28e journée de

   Domino's Ligue 2 -

   Stade Gabriel Montpied

   vendredi 06 mars |  À déterminer
   > <
   Calendrier Classement Entraînement
   [blanc.png]
   logo - logo

   FCSM-FC CHAMBLY OISE

   29e journée de

   Domino's Ligue 2 -

   Stade Auguste Bonal

   vendredi 13 mars |  À déterminer
   > <
   Calendrier Classement Entraînement
   [blanc.png]
   logo - logo

   AC AJACCIO-FCSM

   30e journée de

   Domino's Ligue 2 -

   Stade François Coty

   vendredi 20 mars |  À déterminer
   > <
   Calendrier Classement Entraînement
   [blanc.png]
   logo - logo

   FCSM-CHAMOIS NIORTAIS

   31e journée de

   Domino's Ligue 2 -

   Stade Auguste Bonal

   vendredi 03 avril |  À déterminer
   > <
   Calendrier Classement Entraînement
   [blanc.png]
   logo - logo

   HAVRE AC-FCSM

   32e journée de

   Domino's Ligue 2 -

   Stade Océane

   vendredi 10 avril |  À déterminer
   > <
   Calendrier Classement Entraînement
   [blanc.png]
   logo - logo

   FCSM-RC LENS

   33e journée de

   Domino's Ligue 2 -

   Stade Auguste Bonal

   vendredi 17 avril |  À déterminer
   > <
   Calendrier Classement Entraînement
   [blanc.png]
   logo - logo

   ESTAC TROYES-FCSM

   34e journée de

   Domino's Ligue 2 -

   Stade de l'Aube

   mardi 21 avril |  À déterminer
   > <
   Calendrier Classement Entraînement
   [blanc.png]
   logo - logo

   FCSM-LB CHÂTEAUROUX

   35e journée de

   Domino's Ligue 2 -

   Stade Auguste Bonal

   vendredi 24 avril |  À déterminer
   > <
   Calendrier Classement Entraînement
   [blanc.png]
   logo - logo

   GRENOBLE FOOT 38-FCSM

   36e journée de

   Domino's Ligue 2 -

   Stade des Alpes

   vendredi 01 mai |  À déterminer
   > <
   Calendrier Classement Entraînement
   [blanc.png]
   logo - logo

   FCSM-US ORLÉANS

   37e journée de

   Domino's Ligue 2 -

   Stade Auguste Bonal

   vendredi 08 mai |  À déterminer
   > <
   Calendrier Classement Entraînement
   [blanc.png]
   logo - logo

   SM CAEN-FCSM

   38e journée de

   Domino's Ligue 2 -

   Stade Michel-d'Ornano

   vendredi 15 mai |  À déterminer
   [Challenge-Nedey-19.png]

   Inscrivez-vous au challenge Nedey !
   [EstRepublicain.jpg]
   © 2019 | Football Club Sochaux-Montbéliard | Tous droits réservés |
   Informations légales
     * Boutique
     * Billetterie
     * Partenaires
     * Contactez-nous

     * [united-kingdom.png]
     * [china.png]
     *
     *
     *
     *

   ____________________ Rechercher 🔎
   ﻿

   [logo-FCSM-quadri.png]

FC Sochaux-Montbéliard
     __________________________________________________________________

Site officiel

   [france.png] [united-kingdom.png] [china.png]
     __________________________________________________________________

   [2019_facebook-logo.png] [2019_twitter-logo.png]
   [2019_instagram-logo.png] [2019_weibo-logo.png] [2019_youtube-logo.png]
   [2019_dailymotion-logo.png]

Entrez sur le site

Billetterie

Boutique

Calendrier

Partenaires
